"word","conc","word_len"
"ABASEMENT",275,9
"ABATEMENT",250,9
"ABDICATION",275,10
"ABDUCTION",337,9
"ABERRATION",330,10
"ABILITY",273,7
"ABSOLUTION",241,10
"ABUNDANCE",267,9
"ACCORD",299,6
"ACCORDANCE",270,10
"ACUMEN",272,6
"ADDITION",339,8
"ADHERENCE",265,9
"ADJECTIVE",316,9
"ADMISSION",305,9
"ADULTERY",311,8
"ADVANTAGE",282,9
"ADVERSITY",314,9
"ADVICE",291,6
"ADZE",283,4
"AFFECTION",280,9
"AGILITY",327,7
"AGONY",348,5
"AGREEMENT",327,9
"AIM",324,3
"ALACRITY",269,8
"ALIAS",232,5
"ALLEGATION",272,10
"ALLEGORY",283,8
"AMAZEMENT",277,9
"AMBITION",281,8
"AMENDMENT",326,9
"AMITY",278,5
"AMOUNT",335,6
"AMOUR",308,5
"AMPERE",327,6
"AMPLITUDE",315,9
"ANALOGY",247,7
"ANGER",315,5
"ANIMOSITY",253,9
"ANTAGONISM",288,10
"ANXIETY",241,7
"APOLOGY",311,7
"APPEAL",333,6
"APPROVAL",267,8
"APTITUDE",241,8
"ARRIVAL",328,7
"ASPECT",217,6
"ASSENT",311,6
"ASSISTANCE",288,10
"ATROCITY",296,8
"ATTEMPT",313,7
"ATTITUDE",265,8
"ATTRIBUTE",266,9
"AURORA",346,6
"AVOWAL",240,6
"AXIOM",306,5
"BANALITY",292,8
"BEAUTY",336,6
"BEDEL",276,5
"BEGINNING",318,9
"BEHAVIOUR",295,9
"BELIEF",270,6
"BEQUEST",349,7
"BETEL",320,5
"BETRAYAL",258,8
"BETTERMENT",270,10
"BLAME",293,5
"BLASPHEMY",324,9
"BLESSING",277,8
"BLUNDER",322,7
"BOAST",295,5
"BOLE",339,4
"BOLL",350,4
"BORE",344,4
"BOREDOM",262,7
"BOTHER",267,6
"BRAVERY",261,7
"BRILLIANT",350,9
"BRUTALITY",344,9
"BYRE",234,4
"CALCULUS",331,8
"CAPACITY",293,8
"CARE",342,4
"CAUL",273,4
"CAUSE",287,5
"CENTURY",346,7
"CHALLENGE",308,9
"CHANCE",254,6
"CHAOS",299,5
"CHEAT",329,5
"CHILDHOOD",335,9
"CHRONOLOGY",266,10
"CINQUE",250,6
"CLAIM",331,5
"CLEARANCE",328,9
"CLEMENCY",264,8
"CLOSER",323,6
"COGNITION",270,9
"COMESTIBLE",321,10
"COMPARISON",311,10
"COMPETENCE",256,10
"COMPLIMENT",302,10
"COMPOSURE",324,9
"CONCEPT",264,7
"CONCERT",252,7
"CONCLUSION",278,10
"CONDITION",303,9
"CONFIDENCE",270,10
"CONFLICT",305,8
"CONFUSION",282,9
"CONQUEST",339,8
"CONSCIENCE",255,10
"CONTENT",300,7
"CONTEXT",314,7
"CONTROL",311,7
"COPE",347,4
"COST",348,4
"COULOMB",317,7
"COURAGE",277,7
"COURTSHIP",346,9
"COWARDICE",263,9
"CRAVEN",295,6
"CRISIS",319,6
"CRITERION",261,9
"CRITICISM",316,9
"CULT",349,4
"CUNNING",265,7
"CURIOSITY",303,9
"CUSTOM",323,6
"CYLIX",335,5
"DAIS",333,4
"DALLIANCE",320,9
"DANGER",338,6
"DEAL",342,4
"DEAR",326,4
"DEBUT",303,5
"DECEIT",257,6
"DECISION",297,8
"DEDUCTION",327,9
"DEFENCE",346,7
"DEFIANCE",275,8
"DEFINITION",262,10
"DEITY",305,5
"DELIGHT",282,7
"DELIRIUM",318,8
"DEMEANOUR",257,9
"DEMOCRACY",298,9
"DEMON",302,5
"DENIAL",272,6
"DEPRESSION",303,10
"DERIVATION",242,10
"DESPAIR",279,7
"DEVIL",274,5
"DEVOTION",231,8
"DEXTERITY",280,9
"DIFFERENCE",270,10
"DIFFUSION",327,9
"DIGNITY",280,7
"DIMENSION",274,9
"DIRECTION",336,9
"DISCIPLINE",277,10
"DISCLOSURE",299,10
"DISCORD",298,7
"DISCOVERY",332,9
"DISCRETION",222,10
"DISCUSSION",341,10
"DISGRACE",278,8
"DISHONESTY",255,10
"DISMISSAL",300,9
"DISPARITY",270,9
"DISPUTE",350,7
"DISQUIET",270,8
"DISTRESS",282,8
"DIVERSITY",268,9
"DIVISION",332,8
"DOGMA",317,5
"DOMINATION",275,10
"DOTAGE",293,6
"DOWN",339,4
"DRAB",281,4
"DREAD",267,5
"DUTY",322,4
"EASE",305,4
"ECONOMY",284,7
"EDICT",349,5
"EDUCATION",320,9
"EFFECT",295,6
"EFFORT",296,6
"EGO",261,3
"ELECTION",343,8
"ELOPEMENT",320,9
"EMANATION",282,9
"EMERGENCE",346,9
"EMERGENCY",334,9
"EMOTION",260,7
"END",320,3
"ENDEAVOUR",280,9
"ENIGMA",242,6
"ENTERPRISE",331,10
"ENTHUSIASM",266,10
"ENVY",265,4
"EQUALITY",342,8
"EQUANIMITY",232,10
"EQUITY",303,6
"ESCAPE",341,6
"ESSENCE",243,7
"ESTIMATE",293,8
"ETERNITY",302,8
"ETIQUETTE",252,9
"EVACUATION",320,10
"EVEN",283,4
"EVIDENCE",340,8
"EVOLUTION",304,9
"EXACTITUDE",250,10
"EXCEPTION",260,9
"EXCISE",271,6
"EXCITEMENT",282,10
"EXCLUSION",293,9
"EXCUSE",316,6
"EXERTION",324,8
"EXPANSION",325,9
"EXPERIENCE",275,10
"EXPOSURE",339,8
"EXPRESSION",297,10
"EXTENT",267,6
"EXTRA",262,5
"EXTREME",265,7
"FACILITY",279,8
"FACT",332,4
"FACTOR",328,6
"FAIL",327,4
"FAILURE",282,7
"FALLACY",258,7
"FALSEHOOD",260,9
"FANE",284,4
"FANTASY",295,7
"FAST",304,4
"FATE",255,4
"FAVOURITE",313,9
"FEAR",326,4
"FEAT",345,4
"FEEL",324,4
"FEELING",262,7
"FEINT",288,5
"FERVOUR",308,7
"FETISH",288,6
"FEUDALISM",332,9
"FIGMENT",304,7
"FINE",328,4
"FINISH",343,6
"FLAIR",335,5
"FLOW",311,4
"FOIBLE",336,6
"FOLLY",304,5
"FORCE",331,5
"FORECAST",308,8
"FORFEIT",295,7
"FRAUD",304,5
"FREEDOM",277,7
"FRENZY",303,6
"FRIENDSHIP",335,10
"FRIEZE",324,6
"FUN",295,3
"FUNCTION",343,8
"FURY",305,4
"FUTURE",311,6
"GAIETY",275,6
"GAIN",346,4
"GALLANT",240,7
"GENERATION",320,10
"GENIUS",342,6
"GEOGRAPHY",338,9
"GIST",273,4
"GLORY",304,5
"GODDESS",334,7
"GOOD",297,4
"GRACE",314,5
"GRADE",338,5
"GRATITUDE",239,9
"GRAVITY",302,7
"GREED",262,5
"GRIEF",303,5
"GRIEVANCE",295,9
"GRUDGE",313,6
"GUESS",247,5
"GUILT",299,5
"HALT",345,4
"HARDSHIP",327,8
"HARM",244,4
"HASTE",303,5
"HATE",335,4
"HATRED",239,6
"HAVE",251,4
"HAVOC",338,5
"HAZARD",342,6
"HEAVEN",305,6
"HELP",320,4
"HEREDITY",330,8
"HERESY",270,6
"HEROISM",283,7
"HESITATION",257,10
"HIERARCHY",333,9
"HINDRANCE",329,9
"HINT",312,4
"HISTORY",328,7
"HONESTY",278,7
"HONOUR",258,6
"HOPE",261,4
"HORROR",341,6
"HOSTILITY",277,9
"HUMOUR",309,6
"HUZZA",349,5
"HYBRID",344,6
"HYGIENE",349,7
"HYPOTHESIS",261,10
"IDEA",259,4
"IDEAL",253,5
"IGNORANCE",249,9
"ILLITERACY",252,10
"ILLUSION",249,8
"IMMENSITY",262,9
"IMMUNITY",293,8
"IMPATIENCE",257,10
"IMPETUS",278,7
"IMPORT",320,6
"IMPORTANCE",244,10
"IMPOTENCY",328,9
"IMPRESSION",288,10
"IMPULSE",271,7
"IMPUNITY",242,8
"INACTION",297,8
"INANITY",289,7
"INCIDENT",340,8
"INCLEMENCY",298,10
"INCREASE",315,8
"INCREMENT",322,9
"INCURSION",275,9
"INDICATION",282,10
"INDOLENCE",211,9
"INDUCEMENT",288,10
"INFERIOR",311,8
"INFINITY",204,8
"INFLUENCE",280,9
"INHIBITION",262,10
"INITIATION",272,10
"INNOCENCE",247,9
"INSIGHT",270,7
"INSISTENCE",262,10
"INSOLENCE",248,9
"INSTANCE",284,8
"INSTINCT",311,8
"INSURANCE",315,9
"INTEGRITY",247,9
"INTELLECT",254,9
"INTENTION",285,9
"INTEREST",305,8
"INTERIM",310,7
"INTIMATE",281,8
"INTIMATION",311,10
"IOTA",275,4
"IRONY",243,5
"IRRITATION",305,10
"ISSUE",338,5
"JAMB",326,4
"JEALOUSY",250,8
"JEER",338,4
"JEOPARDY",266,8
"JIBE",337,4
"JOIN",292,4
"JOVIALITY",275,9
"JOY",300,3
"JUDGEMENT",260,9
"JUPON",238,5
"JUSTICE",307,7
"KEEP",339,4
"KIND",323,4
"KNOW",274,4
"KNOWLEDGE",278,9
"LACK",311,4
"LAMENT",320,6
"LAST",299,4
"LAUD",294,4
"LAW",349,3
"LEAST",275,5
"LEFT",341,4
"LEGALITY",302,8
"LEVITY",297,6
"LIBERTY",302,7
"LIKE",286,4
"LITTORAL",273,8
"LODE",342,4
"LOQUACITY",326,9
"LOSS",313,4
"LOVE",311,4
"LOYALTY",261,7
"LUCK",275,4
"LUNE",328,4
"LUST",324,4
"LUXURY",346,6
"MAGIC",257,5
"MAGNITUDE",333,9
"MAIN",324,4
"MAJORITY",338,8
"MAKE",299,4
"MALICE",248,6
"MANNER",297,6
"MANY",276,4
"MARVEL",293,6
"MASTERY",279,7
"MATERNITY",341,9
"MEAN",313,4
"MEDIOCRITY",217,10
"MEET",341,4
"MELANCHOLY",329,10
"MEMORY",284,6
"MERCY",239,5
"MERIT",308,5
"METHOD",303,6
"MIEN",283,4
"MIGHT",271,5
"MIMIC",329,5
"MIND",333,4
"MIRACLE",282,7
"MISCHANCE",270,9
"MISCHIEF",325,8
"MISERY",297,6
"MISTER",349,6
"MISUSE",318,6
"MOMENT",301,6
"MONAD",247,5
"MONTH",345,5
"MOOD",234,4
"MORAL",220,5
"MOTIVE",255,6
"MOUSER",347,6
"MUST",297,4
"MYSTERY",256,7
"MYSTIC",345,6
"MYTH",334,4
"NABOB",225,5
"NADIR",279,5
"NECESSITY",273,9
"NEED",314,4
"NEGLECT",282,7
"NEUTER",336,6
"NEUTRALITY",267,10
"NICETY",242,6
"NONE",288,4
"NONSENSE",256,8
"OATH",331,4
"OBEDIENCE",238,9
"OBLIVION",242,8
"OBSESSION",243,9
"OCCASION",346,8
"OMEN",319,4
"ONSLAUGHT",346,9
"OPINION",285,7
"OPPOSITION",316,10
"OPTIMISM",240,8
"ORDER",344,5
"ORIGIN",319,6
"OTHER",275,5
"OUTCOME",318,7
"OUTSET",305,6
"OVERTONE",300,8
"OWNERSHIP",336,9
"PACIFISM",279,8
"PAEAN",281,5
"PANIC",324,5
"PARADISE",326,8
"PARADOX",257,7
"PARDON",307,6
"PARRY",311,5
"PART",339,4
"PASSION",300,7
"PAST",293,4
"PATIENCE",266,8
"PAUSE",306,5
"PEACE",309,5
"PEP",314,3
"PERCEPTION",287,10
"PERDITION",272,9
"PERJURY",323,7
"PERRY",350,5
"PEWIT",294,5
"PHILOLOGY",272,9
"PHILOSOPHY",257,10
"PHRASE",321,6
"PIQUE",329,5
"PITY",303,4
"PLAICE",314,6
"PLEA",308,4
"PLEASURE",302,8
"POMMEL",323,6
"POVERTY",343,7
"PRECAUTION",300,10
"PREFERENCE",219,10
"PREJUDICE",340,9
"PRESENCE",326,8
"PRESTIGE",248,8
"PRETENCE",227,8
"PRIDE",270,5
"PRIMARY",326,7
"PRINCIPLE",245,9
"PRIVATE",350,7
"PRODUCTION",318,10
"PRONOUN",346,7
"PROOF",328,5
"PROPORTION",305,10
"PROSPERITY",301,10
"PROTECTION",308,10
"PROTEST",339,7
"PROTOCOL",264,8
"PROVENDER",326,9
"PROVINCIAL",339,10
"PURL",313,4
"PURPOSE",280,7
"PUT",287,3
"QUALITY",274,7
"QUANTITY",340,8
"QUEST",316,5
"QUICK",343,5
"QUIETUDE",267,8
"QUIRE",233,5
"RARITY",265,6
"RATE",308,4
"RATING",309,6
"REACTION",312,8
"REAL",285,4
"REALITY",296,7
"REALM",303,5
"REASON",332,6
"REBEC",229,5
"REBUS",299,5
"RECALL",319,6
"RECIPROCAL",308,10
"RECREANT",333,8
"REDUCTION",313,9
"REFINEMENT",272,10
"REFLECTION",339,10
"REFRAIN",325,7
"REGRET",260,6
"RELAXATION",285,10
"RELIEF",303,6
"REMITTANCE",338,10
"REMOVAL",346,7
"REPRISAL",282,8
"REPUTATION",232,10
"RESENTMENT",252,10
"RESOLUTION",265,10
"RESPECT",280,7
"RESULT",318,6
"RESUMPTION",262,10
"RETENTION",280,9
"REVENGE",305,7
"RHUMB",285,5
"RIDICULE",310,8
"RIGIDITY",335,8
"RISK",290,4
"ROLE",335,4
"ROMANCE",313,7
"ROTE",295,4
"RULE",286,4
"RUMOUR",311,6
"RUSH",350,4
"SAFETY",323,6
"SAGACITY",211,8
"SALVATION",269,9
"SANCTITY",293,8
"SATIRE",287,6
"SAVANT",293,6
"SAVE",314,4
"SCHEME",328,6
"SCORN",290,5
"SECOND",344,6
"SECURITY",290,8
"SELECTION",328,9
"SELL",342,4
"SENSATION",265,9
"SENSE",316,5
"SENTIMENT",258,9
"SEPARATION",303,10
"SEVERANCE",311,9
"SHALLOW",330,7
"SHAME",287,5
"SIMPER",335,6
"SIN",273,3
"SINE",319,4
"SITUATION",311,9
"SKILL",346,5
"SLOE",300,4
"SMART",304,5
"SNUB",280,4
"SOBRIETY",325,8
"SOCIETY",335,7
"SOLEMNITY",289,9
"SORROW",282,6
"SOUL",289,4
"SOUTH",347,5
"SPIRIT",296,6
"SPITE",262,5
"SPREE",333,5
"STANDARD",324,8
"STAY",329,4
"STERN",349,5
"STOIC",305,5
"STOLE",342,5
"STOP",308,4
"STRAIN",338,6
"STRENGTH",339,8
"STYLE",344,5
"SUCCESS",295,7
"SUCCOUR",308,7
"SUFFERANCE",260,10
"SUFFIX",318,6
"SUFFRAGE",283,8
"SUGGESTION",333,10
"SURPRISE",326,8
"SUSPICION",265,9
"SWAGE",292,5
"SWIFT",338,5
"SYMBOLISM",273,9
"SYMPATHY",278,8
"TALENT",290,6
"TALLY",331,5
"TAPIS",312,5
"TEMPTATION",265,10
"TENDENCY",243,8
"TENURE",345,6
"TERROR",326,6
"THEME",336,5
"THEORY",287,6
"THING",350,5
"THOUGHT",274,7
"THREAT",335,6
"THRILL",320,6
"THROE",240,5
"TIDY",311,4
"TIME",343,4
"TORMENT",288,7
"TRADITION",291,9
"TRAGEDY",331,7
"TRANSFER",331,8
"TREATMENT",343,9
"TREND",328,5
"TRIBUTE",339,7
"TRIUMPH",332,7
"TROUBLE",310,7
"TRUCE",335,5
"TRUISM",276,6
"TRUST",300,5
"TRUTH",261,5
"TRY",260,3
"TUN",211,3
"TUSH",287,4
"TYRANNY",302,7
"UNANIMITY",250,9
"UNBELIEF",260,8
"UNCONCERN",252,9
"UNDER",319,5
"UNREALITY",203,9
"UNREST",324,6
"UPHEAVAL",320,8
"UPKEEP",299,6
"UPRIGHT",348,7
"UPSET",282,5
"USURY",300,5
"VALUE",260,5
"VANITY",250,6
"VARIETY",297,7
"VERB",337,4
"VERITY",270,6
"VETO",326,4
"VIGILANCE",305,9
"VIRTUE",243,6
"VOLUNTARY",309,9
"VOW",329,3
"WAIT",317,4
"WANT",302,4
"WATT",350,4
"WAY",265,3
"WELCOME",350,7
"WELFARE",309,7
"WHILE",204,5
"WIDE",348,4
"WILL",275,4
"WISDOM",275,6
"WISE",268,4
"WISH",270,4
"WOE",252,3
"WRATH",304,5
"WRONG",303,5
"YORE",267,4
"YUCCA",316,5
"ZEAL",304,4
"ZERO",341,4
